,APK Name
0,eu.kanade.tachiyomi_41.apk
1,io.github.lonamiwebs.klooni_820.apk
2,net.zygotelabs.locker_11.apk
3,trikita.talalarmo_19.apk
4,pt.isec.tp.am_4.apk
5,anupam.acrylic_17.apk
6,com.github.yeriomin.workoutlog_2.apk
7,protect.budgetwatch_29.apk
8,org.dyndns.sven_ola.debian_kit_6.apk
9,net.tedstein.AndroSS_17.apk
10,org.ninthfloor.copperpdf_4.apk
11,com.miqote.shanawp_10.apk
12,nya.miku.wishmaster_54.apk
13,io.github.alketii.mightyknight_1.apk
14,org.tuxpaint_923.apk
15,ru.henridellal.dialer_10.apk
16,org.jfedor.frozenbubble_54.apk
17,eu.polarclock_10.apk
18,com.notriddle.budget_44.apk
19,com.angrydoughnuts.android.alarmclock_15.apk
20,daniel_32.flexiblewallpaper_2.apk
21,jackpal.androidterm_72.apk
22,uk.co.yahoo.p1rpp.calendartrigger_7.apk
23,org.jsl.wfwt_14.apk
24,net.osmand.plus_355.apk
25,com.gitlab.ardash.appleflinger.android_1005006.apk
26,org.zamedev.gloomydungeons2.opensource_1602221800.apk
27,net.khertan.forrunners_101030.apk
28,org.dnaq.dialer2_17.apk
29,com.nutomic.ensichat_17.apk
